case_no,unit_weight_kNm3,cohesion_kPa,friction_angle_deg,slope_angle_deg,slope_height_m,pore_pressure_ratio,stability,source_ref
1,17.98,4.95,30.02,19.98,8.0,0.3,Stable,1
2,18.0,5.0,30.0,20.0,8.0,0.3,Stable,1
3,21.47,6.9,30.02,31.01,76.8,0.38,Failure,1
4,21.51,6.94,30.0,31.0,76.81,0.38,Failure,1
5,21.78,8.55,32.0,27.98,12.8,0.49,Failure,1
6,21.82,8.62,32.0,28.0,12.8,0.49,Failure,1
7,22.4,10.0,35.0,30.0,10.0,0.0,Stable,1
8,21.4,10.0,30.34,30.0,20.0,0.0,Stable,1
9,22.4,10.0,35.0,45.0,10.0,0.4,Failure,1
10,27.3,10.0,39.0,41.0,511.0,0.25,Stable,1
11,27.3,10.0,39.0,40.0,470.0,0.25,Stable,1
12,22.4,10.0,35.0,30.0,10.0,0.25,Stable,1
13,21.4,10.0,30.34,30.0,20.0,0.25,Stable,1
14,27.0,10.0,39.0,41.0,511.0,0.25,Stable,1
15,27.0,10.0,39.0,40.0,470.0,0.25,Stable,1
16,27.3,10.0,39.0,40.0,480.0,0.25,Stable,1
17,21.36,10.05,30.33,30.0,20.0,0.0,Stable,1
18,19.97,10.05,28.98,34.03,6.0,0.3,Stable,1
19,22.38,10.05,35.01,30.0,10.0,0.0,Stable,1
20,22.38,10.05,35.01,45.0,10.0,0.4,Failure,1
21,19.08,10.05,9.99,25.02,50.0,0.4,Failure,1
22,19.08,10.05,19.98,30.0,50.0,0.4,Failure,1
23,18.83,10.35,21.29,34.03,37.0,0.3,Failure,1
24,16.5,11.49,0.0,30.0,3.66,0.0,Failure,1
25,16.47,11.55,0.0,30.0,3.6,0.0,Failure,1
26,19.03,11.7,27.99,34.98,21.0,0.11,Failure,1
27,19.06,11.7,28.0,35.0,21.0,0.11,Failure,1
28,19.06,11.71,28.0,35.0,21.0,0.11,Failure,1
29,19.06,11.75,28.0,35.0,21.0,0.11,Failure,1
30,14.0,11.97,26.0,30.0,88.0,0.0,Failure,1
31,19.63,11.97,20.0,22.0,12.19,0.41,Failure,1
32,14.0,11.97,26.0,30.0,88.0,0.45,Failure,1
33,19.63,11.97,20.0,22.0,21.19,0.4,Failure,1
34,18.5,12.0,0.0,30.0,6.0,0.0,Failure,1
35,18.5,12.0,0.0,30.0,6.0,0.25,Failure,1
36,19.6,12.0,19.98,22.0,12.2,0.41,Failure,1
37,13.97,12.0,26.01,30.0,88.0,0.0,Failure,1
38,18.46,12.0,0.0,30.0,6.0,0.0,Failure,1
39,13.97,12.0,26.01,30.0,88.0,0.45,Failure,1
40,27.3,14.0,31.0,41.0,110.0,0.25,Stable,1
41,27.0,14.0,31.0,41.0,110.0,0.25,Stable,1
42,18.84,14.36,25.0,20.0,30.5,0.0,Stable,1
43,18.84,14.36,25.0,20.0,30.5,0.45,Failure,1
44,18.84,14.36,25.0,20.3,50.0,0.45,Failure,1
45,18.8,14.4,25.02,19.98,30.6,,Stable,1
46,18.8,14.4,25.02,19.98,30.6,0.45,Failure,1
47,18.8,15.31,30.02,25.02,10.6,0.38,Stable,1
48,18.84,15.32,30.0,25.0,10.67,0.38,Stable,1
49,20.56,16.21,26.51,30.0,400.0,,Failure,1
50,20.6,16.28,26.5,30.0,400.0,,Failure,1
51,27.3,16.8,28.0,50.0,90.5,0.25,Stable,1
52,27.0,16.8,28.0,50.0,90.5,0.25,Stable,1
53,20.96,19.96,40.01,40.02,120.0,,Stable,1
54,21.98,19.96,36.0,45.0,500.0,,Failure,1
55,19.97,19.96,36.0,45.0,50.0,0.25,Failure,1
56,19.97,19.96,36.0,45.0,50.0,0.5,Failure,1
57,18.77,19.96,9.99,25.02,50.0,0.3,Failure,1
58,18.77,19.96,19.98,30.0,50.0,0.3,Failure,1
59,21.98,19.96,22.01,19.98,1800.0,,Failure,1
60,21.98,19.96,22.01,19.98,180.0,0.1,Failure,1
61,22.0,20.0,36.0,45.0,500.0,,Failure,1
62,20.0,20.0,36.0,45.0,50.0,0.25,Failure,1
63,20.0,20.0,36.0,45.0,50.0,0.5,Failure,1
64,18.0,24.0,30.15,45.0,20.0,0.12,Failure,1
65,17.98,24.01,30.15,45.0,20.0,0.12,Failure,1
66,18.83,24.76,21.29,29.2,37.0,0.5,Failure,1
67,20.41,24.9,13.0,22.0,10.67,0.35,Stable,1
68,20.39,24.91,13.01,22.0,10.6,0.35,Stable,1
74,27.3,26.0,31.0,50.0,92.0,0.25,Stable,1
75,27.0,26.0,31.0,50.0,92.0,0.25,Stable,1
76,18.68,26.34,15.0,35.0,8.23,,Failure,1
77,18.66,26.41,14.99,34.98,8.2,,Failure,1
78,28.4,29.41,35.01,34.98,1000.0,,Stable,1
79,28.44,29.42,35.0,35.0,1000.0,,Stable,1
80,18.77,30.01,9.99,25.02,50.0,0.1,Stable,1
81,18.77,30.01,19.98,30.0,50.0,0.1,Stable,1
82,20.96,30.01,35.01,40.02,12.0,0.4,Stable,1
83,18.97,30.01,35.01,34.98,11.0,0.2,Stable,1
84,27.3,31.5,29.7,41.0,135.0,0.25,Stable,1
85,27.0,31.5,29.7,41.0,135.0,0.25,Stable,1
86,27.0,32.0,33.0,42.6,301.0,0.25,Failure,1
87,27.0,32.0,33.0,42.4,289.0,0.25,Stable,1
88,27.0,32.0,33.0,42.0,289.0,0.25,Stable,1
89,20.39,33.46,10.98,16.01,45.8,0.2,Failure,1
90,20.41,33.52,11.0,16.0,45.72,0.2,Failure,1
91,20.41,33.52,11.0,16.0,45.7,0.2,Failure,1
92,20.96,34.96,27.99,40.02,12.0,0.5,Stable,1
93,27.0,35.0,35.0,42.0,359.0,0.25,Stable,1
94,27.0,37.5,35.0,37.8,320.0,0.25,Stable,1
95,27.0,37.5,35.0,38.0,320.0,0.25,Stable,1
96,28.4,39.16,37.98,34.98,1000.0,,Stable,1
97,28.44,39.23,38.0,35.0,1000.0,,Stable,1
98,27.0,40.0,35.0,43.0,420.0,0.25,Failure,1
99,19.97,40.06,30.02,30.0,15.0,0.3,Stable,1
100,19.97,40.06,40.01,40.02,10.0,0.2,Stable,1
101,20.96,45.02,25.02,49.03,12.0,0.3,Stable,1
102,17.98,45.02,25.02,25.02,14.0,0.3,Stable,1
103,25.0,46.0,35.0,47.0,443.0,0.25,Stable,1
104,25.0,46.0,35.0,44.0,435.0,0.25,Stable,1
105,25.0,46.0,35.0,46.0,432.0,0.25,Stable,1
106,25.0,46.0,35.0,46.0,393.0,0.25,Stable,1
107,25.0,48.0,40.0,49.0,330.0,0.25,Stable,1
108,26.43,50.0,26.6,40.0,92.2,0.15,Stable,1
109,26.7,50.0,26.6,50.0,170.0,0.25,Stable,1
110,27.0,50.0,40.0,42.0,407.0,0.25,Stable,1
111,25.0,55.0,36.0,45.5,299.0,0.25,Stable,1
112,25.0,55.0,36.0,44.0,299.0,0.25,Stable,1
113,18.84,57.46,20.0,20.0,30.5,,Stable,1
114,18.8,57.47,19.98,19.98,30.6,,Stable,1
115,26.8,60.0,28.8,59.0,108.0,0.25,Stable,1
116,16.0,70.0,20.0,40.0,1150.0,,Failure,1
117,15.99,70.07,19.98,40.02,1150.0,,Failure,1
118,22.38,99.93,45.0,45.0,15.0,0.25,Stable,1
119,22.4,100.0,45.0,45.0,15.0,0.25,Stable,1
120,25.0,120.0,45.0,53.0,1200.0,,Stable,1
121,24.96,120.04,45.0,53.0,1200.0,,Stable,1
122,26.49,150.0,33.0,45.0,73.0,0.15,Stable,1
123,26.7,150.0,33.0,50.0,130.0,0.25,Stable,1
124,26.89,150.0,33.0,52.0,120.0,0.25,Stable,1
125,26.0,150.0,45.0,30.0,200.0,0.25,Stable,1
126,26.0,150.05,45.0,50.0,2000.0,,Stable,1
127,25.96,150.05,45.0,49.98,2000.0,,Stable,1
128,26.81,200.0,35.0,58.0,138.0,0.25,Stable,1
129,26.57,300.0,38.7,45.3,80.0,0.15,Failure,1
130,26.78,300.0,38.7,54.0,155.0,0.25,Failure,1
131,19.9652,19.95665,36.0,44.997,50.0,0.25,Failure,1
138,27.0,31.5,30.0,41.0,135.0,0.25,Stable,1
140,19.6,17.8,29.2,46.8,201.2,0.37,Stable,1
141,18.84,15.32,30.0,25.0,10.7,0.38,Stable,1
143,19.63,11.98,20.0,22.0,12.19,,Failure,1
148,17.4,14.95,21.2,45.0,15.0,0.4,Failure,1
149,23.1,25.2,29.2,36.5,61.9,0.4,Stable,1
150,21.51,6.94,30.0,31.0,76.8,0.38,Failure,1
157,18.68,26.34,15.0,35.0,8.23,0.25,Failure,1
161,22.0,10.0,35.0,45.0,10.0,0.403,Failure,1
164,14.0,11.97,26.0,30.0,88.0,0.25,Failure,1
165,18.84,14.36,25.0,20.0,30.5,0.25,Stable,1
168,26.2,44.14,32.26,37.71,359.04,0.21,Stable,1
169,19.9652,19.95665,36.0,44.997,50.0,0.5,Failure,1
170,22.0,20.0,36.0,45.0,50.0,0.25,Failure,1
173,26.5,36.1,31.0,35.0,390.0,,Stable,1
178,26.2,41.5,36.0,35.0,300.0,,Stable,1
179,27.4,38.1,31.0,25.0,420.0,,Stable,1
181,20.8,15.6,20.0,30.0,450.0,,Failure,1
182,27.0,27.3,29.1,34.0,126.5,0.3,Failure,1
183,19.0,11.9,20.4,21.04,54.0,0.75,Stable,1
184,18.8,9.8,21.0,19.29,39.0,0.25,Failure,1
185,21.1,34.2,26.0,30.0,750.0,,Failure,1
186,20.0,0.1,36.0,45.0,50.0,0.29,Failure,1
188,24.45,11.34,39.31,44.03,9.79,0.43,Failure,1
190,20.41,24.91,13.0,22.0,10.67,0.35,Stable,1
192,20.0,0.1,36.0,45.0,50.0,0.503,Failure,1
194,26.78,26.79,30.66,43.66,249.7,0.25,Stable,1
197,25.0,55.0,36.0,45.0,239.0,0.25,Stable,1
198,23.0,24.0,19.8,23.0,3800.0,,Failure,1
202,27.0,70.0,22.8,45.0,60.0,0.32,Stable,1
204,28.44,29.42,35.0,35.0,100.0,0.25,Stable,1
205,20.8,15.4,21.0,30.0,530.0,,Failure,1
206,19.596,12.004,19.98,21.995,12.2,0.405,Failure,1
207,22.1,24.2,39.7,45.8,49.5,0.21,Stable,1
208,22.4,29.3,26.0,50.0,500.0,,Failure,1
210,25.0,55.0,36.0,45.5,2990.0,,Stable,1
212,20.52,14.06,26.23,25.38,9.86,0.37,Stable,1
213,21.9816,19.95665,22.005,19.981,180.0,0.1,Failure,1
215,20.45,16.0,15.0,30.0,36.0,0.25,Stable,1
216,21.1,33.5,28.0,40.0,310.0,,Failure,1
217,22.0,20.0,36.0,45.0,30.0,0.29,Failure,1
219,31.3,68.6,37.0,47.0,270.0,0.25,Failure,1
220,23.4,15.0,38.5,30.3,45.2,0.28,Failure,1
223,24.86,45.6,39.8,36.31,386.08,0.21,Stable,1
224,17.2,10.0,24.25,17.07,38.0,0.4,Stable,1
227,18.82,25.0,14.6,20.32,50.0,0.4,Failure,1
228,18.8292,10.35345,21.285,34.026,37.0,0.3,Failure,1
229,18.84,57.46,20.0,20.0,30.5,0.25,Stable,1
230,28.01,9.5,37.36,41.86,538.1,0.23,Stable,1
231,25.0,63.0,32.0,44.5,239.0,0.25,Stable,1
234,16.0,70.0,20.0,40.0,115.0,0.25,Failure,1
236,25.0,46.0,35.0,50.0,284.0,0.25,Stable,1
237,20.6,27.8,27.0,35.0,700.0,,Failure,1
238,22.0,40.0,30.0,30.0,1960.0,,Stable,1
239,18.9712,30.01,35.01,34.98,11.0,0.2,Stable,1
242,22.4,28.9,24.0,28.0,350.0,,Failure,1
243,25.6,39.8,36.0,30.0,320.0,,Stable,1
244,19.36,19.8,38.49,43.41,48.88,0.43,Failure,1
245,20.41,24.9,13.0,22.0,10.7,0.35,Stable,1
246,23.5,10.0,27.0,26.0,1900.0,,Failure,1
247,17.4,20.0,24.0,18.43,51.0,0.4,Failure,1
250,21.7828,8.55285,31.995,27.984,12.8,0.49,Failure,1
251,19.63,11.97,20.0,22.0,12.19,0.405,Failure,1
252,25.0,48.0,40.0,45.0,330.0,0.25,Stable,1
254,27.0,40.0,35.0,47.1,292.0,0.25,Failure,1
257,16.5,11.49,0.0,30.0,3.66,0.25,Failure,1
259,26.62,31.78,42.72,51.48,,0.4,Failure,1
262,18.7724,25.05835,19.98,29.998,50.0,0.2,Failure,1
263,22.0,21.0,23.0,30.0,2570.0,,Failure,1
264,23.2,9.5,39.69,39.34,10.49,0.44,Failure,1
268,21.8,32.7,27.0,50.0,500.0,,Failure,1
269,21.8,28.8,26.0,35.0,990.0,,Failure,1
270,26.2,42.8,37.0,30.0,370.0,,Stable,1
271,22.0,10.0,35.0,30.0,10.0,0.29,Stable,1
272,19.6,21.8,29.5,37.8,40.3,0.25,Stable,1
274,27.3,10.0,39.0,41.0,511.0,0.29,Stable,1
276,19.63,11.97,20.0,22.0,12.2,0.41,Failure,1
277,27.0,50.0,40.0,42.0,407.0,0.29,Stable,1
278,21.73,9.21,30.6,33.06,19.78,0.29,Stable,1
279,27.3,14.0,31.0,41.0,110.0,0.29,Stable,1
280,26.69,50.0,26.6,50.0,170.0,0.25,Stable,1
283,18.7724,19.95665,9.99,25.016,50.0,0.3,Failure,1
286,20.6,16.28,26.5,30.0,40.0,0.25,Failure,1
287,20.9592,19.95665,40.005,40.015,120.0,,Stable,1
288,20.6,28.5,27.0,40.0,650.0,,Failure,1
291,27.0,37.5,35.0,37.8,320.0,0.29,Stable,1
292,24.9636,120.04,45.0,53.0,1200.0,,Stable,1
296,20.6,32.4,26.0,30.0,420.0,,Failure,1
298,31.3,68.0,37.0,47.0,360.5,0.25,Failure,1
299,26.83,13.98,35.46,43.5,96.14,0.23,Stable,1
301,220.0,,36.0,45.0,500.0,,Failure,1
302,17.9772,24.008,30.15,44.997,20.0,0.12,Failure,1
303,20.0,20.0,36.0,45.0,30.0,0.503,Failure,1
304,24.57,9.98,41.31,35.46,526.13,0.27,Stable,1
305,21.5,29.8,26.0,40.0,700.0,,Failure,1
306,27.1,22.0,18.6,25.6,100.0,0.19,Failure,1
307,22.0,10.0,36.0,45.0,50.0,0.29,Failure,1
308,21.6,6.5,19.0,40.0,500.0,,Failure,1
309,20.97,21.8,31.81,38.09,57.75,0.24,Failure,1
310,26.8,37.5,32.0,30.0,260.0,,Stable,1
311,25.9576,150.05,45.0,49.979,2000.0,,Stable,1
314,26.0,42.4,37.0,38.0,550.0,,Stable,1
315,20.41,24.9,13.0,22.0,10.67,,Stable,1
316,21.0,20.0,24.0,21.0,5650.0,,Stable,1
317,31.3,68.0,37.0,49.0,200.5,0.25,Failure,1
318,20.6,32.4,26.0,35.0,550.0,,Failure,1
320,25.0,46.0,36.0,44.5,2990.0,,Stable,1
322,20.0,30.3,25.0,45.0,530.0,,Failure,1
323,21.9816,19.95665,36.0,44.997,500.0,,Failure,1
325,21.5,15.0,29.0,41.5,123.6,0.36,Stable,1
326,20.8,14.8,21.0,30.0,400.0,,Failure,1
327,25.8,43.3,37.0,30.0,330.0,,Stable,1
328,20.41,33.52,11.0,16.0,45.72,,Failure,1
329,27.0,40.0,35.0,47.1,292.0,0.0,Failure,1
330,24.0,40.8,35.0,35.0,500.0,,Stable,1
332,25.0,63.0,32.0,46.0,300.0,0.25,Stable,1
333,18.0,24.0,30.2,45.0,20.0,0.12,Failure,1
334,26.81,60.0,28.8,59.0,108.0,0.25,Stable,1
335,28.35,44.97,33.49,43.16,413.42,0.25,Failure,1
337,27.0,27.3,29.1,35.0,150.0,0.26,Failure,1
338,25.0,48.0,40.0,49.0,330.0,,Stable,1
340,27.0,32.0,33.0,42.0,301.0,0.25,Failure,1
341,25.0,46.0,35.0,46.0,393.0,,Stable,1
343,20.3912,24.9083,13.005,21.995,10.6,0.35,Stable,1
344,26.0,15.0,45.0,50.0,2000.0,,Stable,1
345,31.3,58.8,35.5,47.5,438.5,0.25,Failure,1
347,21.1,10.0,30.34,30.0,200.0,,Stable,1
348,25.8,41.2,35.0,30.0,400.0,,Stable,1
352,23.0,20.0,20.3,46.2,40.3,0.25,Stable,1
353,26.0,39.4,36.0,25.0,300.0,,Stable,1
355,21.8,27.6,25.0,35.0,600.0,,Failure,1
356,21.4,28.8,20.0,50.0,520.0,,Failure,1
357,19.9652,40.06335,30.015,29.998,15.0,0.3,Stable,1
359,23.8,31.0,38.7,47.5,23.5,0.31,Stable,1
360,26.6,42.4,37.0,25.0,520.0,,Stable,1
362,21.51,17.82,31.75,47.03,49.92,0.52,Failure,1
366,26.6,40.7,35.0,35.0,600.0,,Stable,1
368,25.0,46.0,35.0,44.0,435.0,0.29,Stable,1
369,18.71,4.75,28.12,18.81,8.62,0.31,Stable,1
370,26.6,44.1,38.0,35.0,420.0,,Stable,1
372,19.028,11.7039,27.99,34.98,21.0,0.11,Failure,1
374,27.0,35.0,35.0,42.0,359.0,0.29,Stable,1
375,27.0,43.0,35.0,43.0,420.0,0.29,Failure,1
377,26.18,159.0,44.93,31.5,172.98,0.1,Failure,1
379,30.0,27.38,34.57,43.46,319.21,0.27,Failure,1
381,28.51,42.34,32.2,43.25,453.6,0.25,Stable,1
384,27.0,35.8,32.0,30.0,690.0,,Stable,1
385,18.0,21.0,21.33,21.8,40.0,0.4,Failure,1
386,17.8,21.2,13.92,18.43,51.0,0.4,Stable,1
387,27.3,16.2,28.0,50.0,90.5,0.29,Stable,1
388,22.3,20.1,31.0,40.2,88.0,0.19,Stable,1
391,25.0,46.0,35.0,46.0,432.0,0.29,Stable,1
392,20.0,30.0,36.0,45.0,50.0,0.29,Failure,1
393,23.2,31.2,23.0,30.0,330.0,,Failure,1
394,25.4,33.0,33.0,20.0,350.0,,Failure,1
395,26.0,150.05,45.0,50.0,200.0,0.25,Stable,1
396,19.9652,40.06335,40.005,40.015,10.0,0.2,Stable,1
397,20.3912,33.46115,10.98,16.006,45.8,0.2,Failure,1
398,28.44,39.23,38.0,35.0,100.0,0.25,Stable,1
399,21.0,10.0,30.343,30.0,30.0,0.29,Stable,1
401,27.8,27.8,27.0,41.0,236.0,0.1,Stable,1
402,26.5,42.9,38.0,34.0,360.0,,Stable,1
403,18.8292,24.75825,21.285,29.203,37.0,0.5,Failure,1
404,21.9816,19.95665,22.005,19.981,1800.0,,Failure,1
405,18.8008,15.3051,30.015,25.016,10.6,0.38,Stable,1
407,22.85,8.46,38.12,25.67,11.34,0.56,Stable,1
409,27.0,38.4,33.0,25.0,220.0,,Stable,1
410,24.0,41.5,36.0,30.0,510.0,,Stable,1
412,26.0,150.0,45.0,30.0,230.0,0.29,Stable,1
414,22.3792,10.05335,35.01,44.997,10.0,0.4,Failure,1
415,20.5616,16.2054,26.505,29.998,400.0,,Failure,1
416,31.0,68.0,37.0,46.0,366.0,0.25,Failure,1
417,21.3568,10.05335,30.33,29.998,200.0,,Stable,1
418,25.0,46.0,35.0,50.0,284.0,,Stable,1
419,27.0,32.0,33.0,42.2,239.0,0.29,Stable,1
420,25.6,36.8,34.0,35.0,600.0,,Stable,1
421,200.0,,36.0,45.0,50.0,0.5,Failure,1
422,19.0848,10.05335,19.98,29.998,50.0,0.4,Failure,1
423,33.16,68.54,41.11,51.98,188.15,0.44,Failure,1
425,20.6,26.31,22.0,25.0,350.0,,Failure,1
427,22.3,,40.0,26.5,78.0,0.25,Stable,1
429,18.12,10.57,30.84,32.45,21.77,0.11,Failure,1
430,19.6,29.6,23.0,40.0,580.0,,Failure,1
431,27.0,27.3,29.1,37.0,184.0,0.22,Failure,1
432,25.0,55.0,36.0,45.0,299.0,0.25,Stable,1
434,18.8008,14.4048,25.02,19.981,30.6,0.45,Failure,1
437,20.41,33.52,11.0,16.0,10.67,0.35,Stable,1
438,25.4,33.0,33.0,20.0,350.0,,Stable,1
439,27.3,31.5,30.0,41.0,135.0,0.25,Stable,1
440,21.4,10.0,30.0,30.0,20.0,0.25,Stable,1
442,28.4,9.8,35.0,35.0,1000.0,,Stable,1
443,25.96,50.0,45.0,50.0,2000.0,,Stable,1
445,21.36,3.35,30.0,30.0,200.0,,Stable,1
446,15.99,23.35,20.0,40.0,1150.0,,Failure,1
447,20.39,8.3,13.0,22.0,10.6,0.35,Stable,1
449,20.39,11.15,11.0,16.0,45.8,0.2,Failure,1
450,19.03,3.9,28.0,35.0,21.0,0.11,Failure,1
452,20.96,6.65,40.0,40.0,120.0,,Stable,1
453,20.96,11.65,28.0,40.0,12.0,0.5,Stable,1
455,18.77,10.0,10.0,25.0,50.0,0.1,Stable,1
456,18.77,10.0,20.0,30.0,50.0,0.1,Stable,1
457,18.77,8.35,20.0,30.0,50.0,0.2,Failure,1
458,20.56,5.4,27.0,30.0,400.0,,Failure,1
460,18.8,4.8,25.0,20.0,30.6,,Stable,1
461,18.8,19.15,20.0,20.0,30.6,,Stable,1
462,28.4,13.05,38.0,35.0,1000.0,,Stable,1
463,24.96,40.0,45.0,53.0,1200.0,,Stable,1
465,22.38,3.35,35.0,30.0,100.0,,Stable,1
466,21.98,6.65,36.0,45.0,500.0,,Failure,1
467,18.8,5.1,30.0,25.0,10.6,0.38,Stable,1
468,18.8,4.8,25.0,31.0,76.8,0.38,Failure,1
469,21.47,2.3,30.0,30.0,88.0,0.45,Failure,1
472,22.38,33.3,45.0,45.0,10.0,0.4,Stable,1
473,22.38,3.35,35.0,45.0,50.0,0.25,Failure,1
474,19.97,6.65,36.0,45.0,50.0,0.25,Failure,1
475,19.97,6.65,36.0,45.0,50.0,0.5,Failure,1
476,20.96,15.0,25.0,49.0,12.0,0.3,Stable,1
477,20.96,10.0,35.0,40.0,12.0,0.4,Stable,1
478,19.97,13.35,30.0,30.0,15.0,0.3,Stable,1
479,17.98,15.0,25.0,25.0,14.0,0.3,Stable,1
480,18.97,10.0,35.0,35.0,11.0,0.2,Stable,1
481,19.97,13.35,40.0,40.0,10.0,0.2,Stable,1
482,18.83,8.25,21.0,21.0,37.0,0.5,Stable,1
483,18.83,3.45,21.0,34.0,37.0,0.3,Failure,1
484,18.77,8.35,10.0,25.0,50.0,0.2,Failure,1
485,18.77,6.65,10.0,25.0,50.0,0.3,Failure,1
486,19.08,3.35,10.0,25.0,50.0,0.4,Failure,1
487,18.77,6.65,20.0,30.0,50.0,0.3,Failure,1
488,19.08,3.35,20.0,30.0,50.0,0.4,Failure,1
489,21.98,6.65,22.0,20.0,1800.0,,Failure,1
490,21.98,6.65,22.0,20.0,180.0,0.1,Failure,1
491,20.0,20.0,36.0,45.0,500.0,,Failure,1
492,27.0,27.3,29.1,21.0,565.0,0.26,Failure,1
493,27.0,27.3,29.1,35.0,150.0,0.22,Failure,1
494,27.0,27.3,29.1,37.0,184.0,0.3,Failure,1
495,17.6,39.5,30.2,50.0,38.0,0.04,Stable,1
496,17.3,39.0,30.0,50.0,35.0,0.04,Stable,1
498,17.9,39.0,31.2,55.0,25.0,0.15,Stable,1
499,17.3,39.0,30.0,50.0,26.0,0.2,Stable,1
500,17.3,37.9,30.0,45.0,29.0,0.37,Stable,1
501,17.5,38.5,29.0,50.0,33.0,0.2,Stable,1
503,17.8,39.8,31.3,45.0,32.0,0.34,Stable,1
504,17.3,39.0,30.0,48.0,30.0,0.03,Stable,1
505,18.3,57.2,38.6,38.0,31.0,0.64,Stable,1
507,17.8,14.0,44.2,65.0,31.0,0.07,Failure,1
509,19.8,57.5,41.3,62.0,23.0,0.19,Stable,1
510,20.5,6.5,12.5,42.0,700.0,,Failure,1
511,21.4,7.1,16.7,44.0,701.0,,Failure,1
512,21.5,9.5,11.5,40.0,750.0,,Failure,1
513,20.6,6.7,9.4,45.0,300.0,,Failure,1
514,20.9,9.7,18.5,39.0,381.0,,Failure,1
515,21.4,9.4,21.8,30.0,1061.0,,Failure,1
516,19.9,6.8,19.4,30.0,801.0,,Failure,1
517,20.2,14.9,18.5,40.0,701.0,,Failure,1
519,19.7,16.4,21.4,30.0,551.0,,Failure,1
520,21.2,7.8,22.4,45.0,251.0,,Failure,1
521,19.9,7.4,15.6,44.0,301.0,,Failure,1
522,19.9,7.1,21.2,30.0,550.0,,Failure,1
523,22.2,10.7,25.2,35.0,451.0,,Failure,1
524,21.8,7.2,17.8,40.0,341.0,,Failure,1
525,21.8,7.2,17.8,42.0,411.0,,Failure,1
526,21.96,34.77,14.15,28.0,600.0,,Stable,1
527,21.96,34.77,14.15,24.0,1150.0,,Stable,1
528,22.93,32.33,19.73,30.0,501.0,,Stable,1
529,22.15,19.47,13.29,28.0,1101.0,,Stable,1
531,21.8,18.05,9.72,30.0,400.0,,Failure,1
532,23.98,32.77,17.28,40.0,1000.0,,Failure,1
533,20.57,24.8,15.53,40.0,501.0,,Stable,1
535,22.15,5.0,19.0,45.0,401.0,,Failure,1
536,21.8,18.05,9.72,35.0,400.0,,Failure,1
537,23.75,36.78,22.63,42.0,431.0,,Failure,1
538,20.98,23.59,20.0,45.0,650.0,,Failure,1
539,22.6,24.06,14.04,26.0,1901.0,,Stable,1
540,22.29,27.54,10.1,40.0,700.0,,Stable,1
541,22.1,24.67,16.2,40.0,701.0,,Stable,1
542,20.25,32.4,11.99,45.0,361.0,,Failure,1
543,20.8,15.57,8.74,29.7,351.0,,Failure,1
544,21.17,15.44,16.0,33.0,321.0,,Failure,1
545,22.94,33.77,23.29,27.0,1701.0,,Stable,1
546,22.95,46.49,25.11,30.0,421.0,,Stable,1
547,21.92,19.4,15.5,35.0,801.0,,Failure,1
548,21.42,28.9,16.2,40.0,301.0,,Stable,1
549,20.8,40.25,19.39,45.0,1231.0,,Failure,1
550,20.1,34.61,24.69,22.0,940.0,,Stable,1
551,19.19,19.69,17.68,34.0,431.0,,Failure,1
552,19.18,12.8,9.45,45.0,200.0,,Failure,1
554,19.6,15.53,15.88,35.0,971.0,,Failure,1
555,19.81,33.75,19.46,20.0,1201.0,,Stable,1
556,19.81,19.97,11.08,35.0,350.0,,Failure,1
557,19.7,17.0,9.38,45.0,201.0,,Failure,1
558,20.2,21.2,19.89,35.0,621.0,,Failure,1
559,17.96,24.01,28.0,40.0,601.0,,Failure,1
560,25.0,55.0,36.0,44.5,299.0,0.25,Stable,1
561,21.98,19.96,22.01,19.98,180.0,0.01,Failure,1
562,18.9,17.5,31.0,33.5,90.5,0.26,Stable,2
564,18.02,40.92,21.18,21.86,34.65,0.1,Stable,2
565,25.76,64.11,21.4,15.76,30.38,0.5,Stable,2
566,23.85,78.48,33.9,22.88,118.09,0.1,Stable,2
567,25.15,33.36,39.25,45.48,148.37,0.3,Failure,2
569,19.91,46.83,32.8,18.15,77.25,0.2,Stable,2
571,20.31,71.43,31.46,28.18,110.81,0.2,Stable,2
575,19.14,94.52,14.6,33.78,105.01,0.5,Failure,2
577,19.33,99.3,33.1,34.82,55.54,,Stable,2
578,19.62,3.67,31.06,5.87,92.13,0.4,Stable,2
579,20.71,28.37,14.49,26.49,63.78,,Failure,2
580,22.12,37.55,38.11,33.33,29.93,0.1,Stable,2
581,21.54,32.07,18.89,27.06,58.89,0.3,Failure,2
582,17.39,20.26,26.6,56.38,34.45,0.3,Failure,2
583,18.63,106.66,14.27,38.62,68.73,0.5,Failure,2
584,17.68,94.92,25.4,45.11,65.97,0.4,Failure,2
585,14.59,10.92,27.55,47.11,141.66,0.1,Failure,2
587,15.17,35.57,42.06,14.6,183.27,,Stable,2
588,15.79,31.63,28.09,48.97,12.09,0.5,Stable,2
591,16.27,44.32,21.6,27.07,151.39,0.4,Failure,2
592,17.09,52.7,26.0,42.55,17.87,0.4,Stable,2
593,19.49,100.82,31.34,54.81,21.06,0.3,Stable,2
595,15.48,46.54,43.56,39.42,14.92,0.2,Stable,2
596,22.39,59.91,11.89,22.7,94.67,0.2,Failure,2
598,19.51,63.27,37.01,18.77,90.45,0.4,Stable,2
599,21.16,124.0,21.92,30.41,116.84,0.5,Stable,2
600,22.53,34.61,26.81,58.0,102.93,,Failure,2
601,22.77,27.51,25.23,14.95,67.59,0.2,Stable,2
602,19.2,55.28,24.02,29.8,91.59,0.3,Failure,2
603,23.17,17.75,23.6,53.51,24.8,0.3,Failure,2
604,24.89,121.63,30.2,35.32,16.18,0.5,Stable,2
605,24.03,72.37,28.77,37.74,59.21,0.1,Stable,2
607,18.22,77.64,46.58,43.19,24.52,0.4,Stable,2
609,20.99,63.58,48.54,30.91,68.82,,Stable,2
611,21.26,9.78,43.23,17.42,90.73,,Stable,2
614,20.32,14.9,14.35,42.66,80.26,,Failure,2
615,19.1,133.38,41.5,31.38,109.11,,Stable,2
617,20.26,122.61,23.44,24.92,114.17,,Stable,2
619,13.6,58.07,38.63,36.61,32.97,,Stable,2
620,19.65,28.79,17.38,35.79,68.78,,Failure,2
622,23.12,57.21,29.96,26.39,94.95,,Stable,2
623,25.06,14.97,14.86,47.79,142.71,,Failure,2
625,19.27,129.46,27.54,34.61,87.63,,Stable,2
627,15.37,53.03,28.06,40.94,79.0,0.35,Failure,2
628,23.35,29.97,16.38,39.73,33.92,0.405,Failure,2
629,17.14,127.05,41.92,31.87,114.99,0.49,Stable,2
630,23.18,17.74,13.86,26.71,60.39,0.38,Failure,2
631,16.9,31.8,33.65,29.21,81.74,0.5,Stable,2
633,13.93,80.9,37.13,34.16,58.25,0.45,Stable,2
634,17.61,59.31,19.1,43.28,31.25,0.38,Failure,2
635,24.6,11.36,1.7,20.19,11.06,0.45,Failure,2
636,30.31,22.0,23.94,36.99,104.02,0.12,Failure,2
637,20.69,69.68,40.34,49.39,111.42,0.3,Failure,2
638,23.82,300.0,21.77,20.57,23.9,0.25,Stable,2
639,16.77,24.09,34.0,22.53,26.72,0.4,Stable,2
640,28.11,0.69,21.0,18.22,99.46,0.25,Failure,2
641,18.27,6.45,20.69,26.3,17.04,0.5,Failure,2
642,10.06,62.41,39.99,39.04,58.31,0.25,Stable,2
643,20.85,74.42,11.34,39.57,13.17,0.5,Stable,2
644,17.56,27.82,17.23,37.23,67.61,0.3,Failure,2
646,15.47,79.39,47.88,32.46,81.14,0.15,Stable,2
648,25.93,13.72,22.36,35.79,53.37,0.15,Stable,2
649,22.56,63.51,31.13,38.36,49.54,0.25,Stable,2
650,18.56,21.04,24.82,5.3,45.92,0.25,Stable,2
651,19.01,29.34,12.19,30.35,12.07,0.25,Stable,2
652,22.84,68.46,10.91,35.94,63.73,0.25,Failure,2
654,25.28,83.67,18.4,36.46,106.8,0.1,Failure,2
655,21.71,16.57,19.68,29.0,60.8,0.4,Failure,2
656,23.67,55.72,38.36,38.68,100.02,0.1,Stable,2
658,18.58,82.65,21.89,31.64,20.11,0.3,Stable,2
659,22.23,30.81,21.8,31.44,3.45,,Stable,2
660,24.05,30.89,28.57,36.87,71.36,0.2,Failure,2
661,23.57,162.62,12.59,56.79,155.28,0.3,Failure,2
662,19.88,30.86,21.47,50.14,38.23,0.2,Failure,2
664,18.04,38.49,43.96,32.44,27.54,0.5,Stable,2
667,22.21,86.74,27.43,25.2,13.37,0.3,Stable,2
668,21.05,95.94,36.24,37.34,132.92,0.4,Stable,2
670,22.44,10.48,31.88,26.22,101.93,0.3,Stable,2
671,24.3,45.96,44.35,38.12,56.21,0.5,Stable,2
672,21.13,76.34,37.55,19.9,5.05,0.4,Stable,2
674,18.09,11.87,3.46,34.43,78.52,,Failure,2
675,18.67,115.4,27.1,14.56,91.16,0.5,Stable,2
677,20.05,91.29,32.17,39.26,70.97,,Stable,2
678,27.17,14.55,15.02,44.82,19.18,0.4,Failure,2
680,19.58,,14.6,27.18,77.83,0.3,Failure,2
681,16.44,0.0,29.22,40.24,21.74,0.0,Stable,2
682,23.96,0.0,28.04,32.4,74.58,0.2,Failure,2
683,27.35,0.0,33.92,34.03,5.7,0.2,Failure,2
684,25.74,0.0,17.23,30.03,80.53,0.4,Failure,2
